LICENSE NUMBER,BUSINESS NAME,LICENSE TYPE,LICENSE EXPIRATION DATE,LICENSE STATUS,PIN,WARD,DISTRICT COUNCIL,ADDRESS,Location,COUNT
20150002722,VINERIA COSSETTA,Liquor Off Sale,08/31/2016,Pending           ,062822230130,2,9,211 7TH ST W  ST PAUL MN 55102-2520,"(44.9437565629129, -93.103910824817)",1
20170003453,ST PAUL WINE BAR LLC,Liquor On Sale - 100 seats or less,08/24/2018,Pending,012823410188,2,9,1 LEECH ST  ST PAUL MN 55114-1623,"(44.9411322448222, -93.107898304976)",1
20170000021,GABES BY THE PARK,Liquor On Sale - 101-180 Seats,05/05/2019,Active,272923140004,4,10,991 LEXINGTON PKWY N  ST PAUL MN 55103-1107,"(44.9710391475023, -93.14692828127)",1
20020001517,DIXIE'S BAR & SMOKEHOUSE GRILL / SAJI-YA,Liquor On Sale - 291 or more Seats,05/01/2019,Active,022823410160,2,16,695 GRAND AVE  ST PAUL MN 55105-3422,"(44.9400486859137, -93.129620662653)",1
20160003846,FITZGERALD'S,Liquor On Sale - 101-180 Seats,06/01/2019,Active,012823210448,1,8,173 WESTERN AVE N  ST PAUL MN 55103-2017,"(44.9466721146534, -93.116280975002)",1
20120000274,HILLCREST LIQUORS INC,Liquor Off Sale,05/01/2019,Active,222922140037,6,2,1511 WHITE BEAR AVE N  ST PAUL MN 55106-1605,"(44.9867714386118, -93.025563452326)",1
20150001683,DARK HORSE,Liquor On Sale - 101-180 Seats,05/01/2019,Active,312922440899,2,17,250 7TH ST E  ST PAUL MN 55101-1401,"(44.9510002988324, -93.088061438249)",1
20040001004,CUB FOODS SUNRAY,Malt Off Sale,05/01/2019,Active,352922440054,7,1,2197 OLD HUDSON ROAD  ST PAUL MN 55119-4404,"(44.9519246699431, -93.007741104315)",1
20070002220,SALUT BAR AMERICAN,Liquor On Sale - 181-290 Seats,05/23/2019,Active,022823310139,2,16,917 GRAND AVE  ST PAUL MN 55105-3043,"(44.9402970698147, -93.138588759375)",1
0067334,COMO LAKESIDE PAVILION,Liquor On Sale - 101-180 Seats,06/04/2019,Active,222923440003,5,10,1360 LEXINGTON PKWY N  ST PAUL MN 55103-1060,"(44.9822671261722, -93.143176587392)",1
20140003650,GRAY DUCK TAVERN,Liquor On Sale - 291 or more Seats,06/01/2019,Active,062822120062,2,17,345 WABASHA ST N  ST PAUL MN 55102-1432,"(44.9450909785252, -93.094141625344)",1
20100001282,WINNER GAS,Malt Off Sale,06/17/2019,Active,292923120080,4,12,2233 ENERGY PARK DRIVE STE 900 ST PAUL MN 55108,"(44.9746573117252, -93.194748043397)",1
0016340,KEENAN'S 620 CLUB INC,Liquor On Sale - 100 seats or less,05/11/2019,Active,012823340168,2,9,620 7TH ST W  ST PAUL MN 55102-3124,"(44.934554462727, -93.116247574375)",1
20130000044,THE LIQUOR VAULT,Liquor Off Sale,05/09/2019,Active,312922430010,2,17,170 10TH ST E  ST PAUL MN 55101-2353,"(44.9520858916737, -93.092751571546)",1
20140000924,PUBLIC KITCHEN AND BAR,Liquor On Sale - 181-290 Seats,06/01/2019,Active,312922440609,2,17,229 6TH ST E  ST PAUL MN 55101-1919,"(44.9499328340767, -93.088280006944)",1
20140003421,SAINT DINETTE,Liquor On Sale - 100 seats or less,06/01/2019,Active,312922440090,2,17,261 5TH ST E  ST PAUL MN 55101,"(44.9496510161339, -93.086395474074)",1
20170000249,HOTEL METRO-ST PAUL,Liquor On Sale - 291 or more Seats,05/17/2019,Active,352922440016,7,1,2201 BURNS AVE  ST PAUL MN 55119-6667,"(44.9491115427413, -93.006066423097)",1
20020000728,YASIN FOOD MARKET,Malt Off Sale,06/09/2019,Active,352923130029,1,7,741 EDMUND AVE  ST PAUL MN 55104-2729,"(44.9585449837193, -93.131604204572)",1
20130000167,BUFFALO WILD WINGS,Liquor On Sale - 181-290 Seats,07/01/2019,Active,032823230115,1,13,80 SNELLING AVE N  ST PAUL MN 55104-6725,"(44.9436689709177, -93.16607659223)",1
20140000394,RED COW,Liquor On Sale - 100 seats or less,06/05/2019,Active,012823210045,1,8,393 SELBY AVE  ST PAUL MN 55102-1724,"(44.9466686365516, -93.116785625642)",1
20110001529,BARRIO TEQUILA BAR,Liquor On Sale - 100 seats or less,07/01/2019,Active,312922440898,2,17,235 6TH ST E  ST PAUL MN 55101,"(44.9500208873072, -93.088102181752)",1
20170000478,EAGLE STREET GRILLE,Liquor On Sale - 291 or more Seats,06/01/2019,Active,062822230007,2,9,174 7TH ST W  ST PAUL MN 55102-2521,"(44.9443160073844, -93.102672690674)",1
20040004319,METRO LIQUOR WAREHOUSE,Liquor Off Sale,06/28/2019,Active,332922220191,7,4,854 7TH ST E  ST PAUL MN 55106-4517,"(44.9625379516729, -93.064281956639)",1
20040000766,JOHNNY BABY'S,Liquor On Sale - 101-180 Seats,05/28/2019,Active,352923230200,1,7,981 UNIVERSITY AVE W  ST PAUL MN 55104-4705,"(44.9560678129941, -93.14182066074)",1
20070001039,CAMP BAR TWIN CITIES,Liquor On Sale - 101-180 Seats,05/25/2019,Active,312922431520,2,17,490 ROBERT ST N  ST PAUL MN 55101-2246,"(44.950722798796, -93.093830486061)",1
20150000321,HANDSOME HOG,Liquor On Sale - 100 seats or less,06/01/2019,Active,312922440609,2,17,203 6TH ST E  ST PAUL MN 55101,"(44.9497020953196, -93.088794355718)",1
20170001325,OX CARTE ALE HOUSE ROOFTOP,Liquor On Sale - 101-180 Seats,06/01/2019,Active,312922440615,2,17,255 6 ST E RFTOP ST PAUL MN 55101,"(44.9506617323386, -93.087114094933)",1
20160000743,SAWATDEE SAINT PAUL,Liquor On Sale - 101-180 Seats,05/03/2019,Active,312922431518,2,17,486 ROBERT ST N  ST PAUL MN 55101-2246,"(44.9506829149957, -93.093752204589)",1
20170000508,BAY STREET GRILL & PUB,Liquor On Sale - 101-180 Seats,05/15/2019,Active,112823140174,2,9,731 RANDOLPH AVE  ST PAUL MN 55102-3413,"(44.9269531088346, -93.130850284404)",1
20130005371,GREEN MILL,Liquor On Sale - 181-290 Seats,06/01/2019,Active,032823310025,3,14,57 HAMLINE AVE S  ST PAUL MN 55105-2248,"(44.9398385234865, -93.157005091241)",1
20170001324,OX CARTE ALE HOUSE,Liquor On Sale - 101-180 Seats,06/01/2019,Active,312922440615,2,17,255 6TH ST E  ST PAUL MN 55101,"(44.9506617323386, -93.087114094933)",1
0096027,WILEBSKI'S BLUES SALOON,Liquor On Sale - 181-290 Seats,06/04/2019,Active,192922220013,5,6,1638 RICE ST  ST PAUL MN 55117-3756,"(44.9905769520627, -93.105652034051)",1
0032727,BUCA DI BEPPO,Liquor On Sale - 291 or more Seats,07/01/2019,Active,212823420015,3,15,2728 GANNON ROAD  ST PAUL MN 55116-2642,"(44.8973564273398, -93.176943925412)",1
0013412,THE ST PAUL HOTEL,Liquor On Sale - 291 or more Seats,07/01/2019,Active,062822130003,2,17,350 MARKET ST  ST PAUL MN 55102-1430,"(44.9447970907213, -93.09630807709)",1
20090003498,CUB FOODS,Malt Off Sale,08/01/2019,Active,272922220162,6,2,1177 CLARENCE ST  ST PAUL MN 55106-2809,"(44.9763645672184, -93.044366740669)",1
0094203,TAVERN ON GRAND,Liquor On Sale - 101-180 Seats,07/01/2019,Active,022823410074,2,16,656 GRAND AVE  ST PAUL MN 55105-3402,"(44.9398084265793, -93.127729266391)",1
0018526,BILLY'S ON GRAND,Liquor On Sale - 291 or more Seats,06/21/2019,Active,022823420125,2,16,857 GRAND AVE  ST PAUL MN 55105-3398,"(44.9400775397998, -93.136161557865)",1
0013412,THE ST PAUL HOTEL,Liquor Off Sale,07/01/2019,Active,062822130003,2,17,350 MARKET ST  ST PAUL MN 55102-1430,"(44.9447970907213, -93.09630807709)",1
20180001778,UNION DEPOT BAR & GRILL,Liquor On Sale - 100 seats or less,06/20/2019,Active,062822110053,2,17,214 4TH ST E  ST PAUL MN 55101-1430,"(44.9479915032182, -93.086590396523)",1
0065734,PLUM'S NEIGHBORHOOD BAR & GRILL,Liquor On Sale - 101-180 Seats,06/26/2019,Active,102823230198,3,14,480 SNELLING AVE S  ST PAUL MN 55105-2147,"(44.9271953963444, -93.16659952139)",1
20120005702,SEVENTH STREET LIQUOR BARREL,Liquor Off Sale,07/01/2019,Active,012823340161,2,9,665 7TH ST W  ST PAUL MN 55102-3123,"(44.9343671031641, -93.117290047332)",1
20000003747,XCEL ENERGY/RIVERCENTRE/ROY WILKINS,Liquor On Sale - 291 or more Seats,07/01/2019,Active,062822240080,2,17,199 KELLOGG BLVD W  ST PAUL MN 55102-1811,"(44.9441204396955, -93.101241683651)",1
20120000541,LIQUOR VILLAGE,Liquor Off Sale,06/18/2019,Active,172823120077,3,15,2289 FORD PKWY  ST PAUL MN 55116-1818,"(44.9180213448519, -93.197364919596)",1
0036114,WOLTER BROTHERS PHARMACY & LIQUOR,Liquor Off Sale,07/01/2019,Active,362923310010,1,8,438 UNIVERSITY AVE W  ST PAUL MN 55103-1933,"(44.955566095918, -93.118505909485)",1
20020000516,CAFFE BIAGGIO,Liquor On Sale - 100 seats or less,06/14/2019,Active,292923430138,4,12,2356 UNIVERSITY AVE W  ST PAUL MN 55102-2316,"(44.9631819906949, -93.196724821053)",1
0082059,MINNESOTA HISTORICAL SOCIETY,Liquor On Sale - 181-290 Seats,07/01/2019,Active,312922330035,2,17,345 KELLOGG BLVD W  ST PAUL MN 55102-1903,"(44.9488841203138, -93.104042638488)",1
20140000653,TONGUE IN CHEEK,Liquor On Sale - 100 seats or less,06/18/2019,Active,292922130155,6,5,987 PAYNE AVE  ST PAUL MN 55130-3901,"(44.9710134747676, -93.07366590796)",1
0097716,CLUB MILTON INC,Liquor On Sale-Club under 200 Mbrs - A,07/01/2019,Active,352923340021,1,8,334 MILTON ST N  ST PAUL MN 55104-5422,"(44.9511423626853, -93.138856552864)",1
20030002280,HOAGIES BAR,Liquor On Sale - 100 seats or less,07/29/2019,Active,262922310172,7,2,1900 STILLWATER AVE  ST PAUL MN 55119-3711,"(44.9675443323645, -93.019993449501)",1
20170002271,HYGGE LIFE CAFE,Liquor On Sale - 291 or more Seats,07/14/2019,Active,062822110001,2,17,213 4TH ST E  ST PAUL MN 55101-1603,"(44.9483114451772, -93.087008112582)",1
20100002266,BURGER MOE'S,Liquor On Sale - 101-180 Seats,06/15/2019,Active,062822230176,2,9,242 7TH ST W  ST PAUL MN 55104-3549,"(44.9427826829171, -93.104593132522)",1
20110004795,SEVENTH STREET SOCIAL,Liquor On Sale - 100 seats or less,07/01/2019,Active,152823340013,3,15,2176 7TH ST W  ST PAUL MN 55116-3152,"(44.9066591620909, -93.159198053493)",1
20130003605,STEWART'S,Liquor On Sale - 100 seats or less,08/01/2019,Active,042823220080,4,13,128 CLEVELAND AVE N  ST PAUL MN 55104-5726,"(44.9453201987667, -93.187225326131)",1
20090003003,HALF TIME REC,Liquor On Sale - 181-290 Seats,08/21/2019,Active,262923230162,5,10,1013 FRONT AVE  ST PAUL MN 55103-1256,"(44.970443941735, -93.142990917181)",1
20030002280,HOAGIES BAR,Malt Off Sale,07/29/2019,Active,262922310172,7,2,1900 STILLWATER AVE  ST PAUL MN 55119-3711,"(44.9675443323645, -93.019993449501)",1
20100001866,YARMO LIQUOR,Liquor Off Sale,07/26/2019,Active,212823110016,3,15,2489 7TH ST W  ST PAUL MN 55116-2839,"(44.9023368467331, -93.169821495911)",1
20180001700,HYACINTH,Liquor On Sale - 100 seats or less,07/16/2019,Active,022823420082,2,16,790 GRAND AVE  ST PAUL MN 55105-3386,"(44.9398240560679, -93.133380568007)",1
20180001385,MANANA RESTAURANT,Liquor On Sale - 100 seats or less,06/27/2019,Active,322922110056,7,4,798 7TH ST E  ST PAUL MN 55106-5033,"(44.9611144110411, -93.067167991455)",1
20110002330,JOAN'S IN THE PARK,Liquor On Sale - 100 seats or less,06/27/2019,Active,092823440023,3,15,631 SNELLING AVE S  ST PAUL MN 55116-1529,"(44.9225738650647, -93.167230146899)",1
0021293,CHRISTINE LIQUORS,Liquor Off Sale,08/01/2019,Active,082822210074,2,3,111 CESAR CHAVEZ ST  ST PAUL MN 55107-2226,"(44.931238182122, -93.079945102965)",1
19980002207,WALFOORT LIQUOR STORE,Liquor Off Sale,08/03/2019,Active,282922220175,6,5,1100 ARCADE ST  ST PAUL MN 55106-2602,"(44.9744166724607, -93.06581771009)",1
20160002228,CITY HOUSE,Liquor On Sale - 291 or more Seats,08/03/2019,Active,062822310021,2,9,258 MILL ST  ST PAUL MN 55102,"(44.9389054666486, -93.099955183526)",1
20000004160,DOWNTOWNER WOODFIRE GRILL,Liquor On Sale - 181-290 Seats,07/15/2019,Active,062822230177,2,9,253 7TH ST W  ST PAUL MN 55104-3549,"(44.9429351522866, -93.105135138268)",1
20180001891,CATRINAS MEXICAN TO THE BONE,Liquor On Sale - 100 seats or less,07/01/2019,Active,,2,3,84 WABASHA ST S  ST PAUL MN 55107-1803,"(44.939779692849, -93.08943790543)",1
20080000874,COMO ZOO & CONSERVATORY,Liquor On Sale - 291 or more Seats,07/23/2019,Active,222923440003,4,10,1225 ESTABROOK DRIVE  ST PAUL MN 55103-1060,"(44.9815922549683, -93.151065415701)",1
20120001334,SOLO VINO,Liquor Off Sale,07/01/2019,Active,012823220271,1,8,517 SELBY AVE  ST PAUL MN 55102-1728,"(44.9466768938288, -93.122070517345)",1
19980007002,SELBY WINES & SPIRITS,Liquor Off Sale,06/28/2019,Active,022823120122,1,8,778 SELBY AVE  ST PAUL MN 55104-6618,"(44.9465032001207, -93.133022823642)",1
20170001311,THE WINE THIEF & THE ALE JAIL,Liquor Off Sale,07/24/2019,Active,042823430097,3,14,1787 ST CLAIR AVE  ST PAUL MN 55105-1941,"(44.9343802495235, -93.176008079038)",1
20160003959,317 ON RICE PARK - HERBIE'S ON THE PARK,Liquor On Sale - 291 or more Seats,07/01/2019,Active,062822240051,2,17,317 WASHINGTON ST  ST PAUL MN 55102-1609,"(44.9438703989903, -93.098107866967)",1
20110002214,TIN CUP BAR & RESTAURANT,Liquor On Sale - 181-290 Seats,07/15/2019,Active,192922330086,5,6,1220 RICE ST  ST PAUL MN 55117-4539,"(44.9781254786118, -93.105746925925)",1
20080001609,FOREPAUGH'S,Liquor On Sale - 181-290 Seats,07/01/2019,Active,062822320041,2,9,276 EXCHANGE ST S  ST PAUL MN 55102-2417,"(44.9411153345451, -93.103854412901)",1
20180001270,THE BLACK HART OF SAINT PAUL,Liquor On Sale - 101-180 Seats,08/30/2019,Active,342923240225,4,11,1415 UNIVERSITY AVE W  ST PAUL MN 55104-4003,"(44.9558936035071, -93.160062305671)",1
20110002591,AMSTERDAM BAR & HALL,Liquor On Sale - 181-290 Seats,08/01/2019,Active,062822120127,2,17,6 6TH ST W  ST PAUL MN 55102,"(44.9462416173403, -93.095285534073)",1
20130005374,MOUNDS PARK SPORTS BAR,Liquor On Sale - 100 seats or less,08/19/2019,Active,332922420146,7,4,1067 HUDSON ROAD  ST PAUL MN 55106-6107,"(44.9523360658001, -93.055262953573)",1
19990007185,"KINCAID'S FISH, CHOP & STEAK HOUSE",Liquor On Sale - 291 or more Seats,08/15/2019,Active,062822120128,2,17,380 ST PETER ST  ST PAUL MN 55102,"(44.9455948031115, -93.095849764547)",1
20160001977,HYATT PLACE ST PAUL,Liquor On Sale - 291 or more Seats,09/01/2019,Active,062822110025,2,17,180 KELLOGG BLVD E  ST PAUL MN 55101-1438,"(44.9465586512958, -93.08709488823)",1
0040612,HIGHLAND GRILL,Liquor On Sale - 100 seats or less,08/26/2019,Active,172823110100,3,15,771 CLEVELAND AVE S  ST PAUL MN 55116-1348,"(44.9182452597862, -93.187547052774)",1
20170002881,BAMBOO HUT,Liquor On Sale - 101-180 Seats,08/03/2018,Delinquent,232922220048,6,2,1626 WHITE BEAR AVE ST PAUL MN 55106,"(44.9904166180218, -93.024546045331)",1
0061437,ARCADE PHALEN AMERICAN LEGION POST #577,Liquor On Sale-Club 201-500 Mbrs - B,08/31/2019,Active,292922110102,6,5,1129 ARCADE ST  ST PAUL MN 55106-2613,"(44.9753148237104, -93.066093513451)",1
20160000944,GHEBRE'S RESTAURANT,Liquor On Sale - 100 seats or less,08/02/2019,Active,342923230166,4,11,512 SNELLING AVE N  ST PAUL MN 55104-2332,"(44.9566921427741, -93.166787768337)",1
20100004148,STATION 280,Liquor On Sale - 101-180 Seats,08/23/2019,Active,202923230003,4,12,2554 COMO AVE STE 7 ST PAUL MN 55108,"(44.9855156319068, -93.206309313673)",1
20010001028,ADAM'S FOOD & FUEL,Malt Off Sale,06/06/2019,Active,342922230059,7,4,1390 3RD ST E  ST PAUL MN 55106-5827,"(44.9566435137164, -93.041838803458)",1
20040000866,CAPITAL WINE & SPIRIT,Liquor Off Sale,08/29/2019,Active,362923140024,1,7,531 RICE ST  ST PAUL MN 55103-2130,"(44.9572068201733, -93.106312016324)",1
20180000178,TRACKS BAR & GRILL,Liquor On Sale - 100 seats or less,07/30/2019,Active,252923110196,5,6,1091 RICE ST  ST PAUL MN 55117-4920,"(44.9740689051409, -93.106111192729)",1
20080000697,COOKS OF CROCUS HILL LLC,Liquor On Sale - 100 seats or less,06/06/2019,Active,022823310014,2,16,877 GRAND AVE  ST PAUL MN 55105-3008,"(44.9401472079202, -93.137180858127)",1
20140001898,PAYNE AVENUE WINE & SPIRITS,Liquor Off Sale,09/08/2019,Active,292922130184,6,5,980 PAYNE AVE  ST PAUL MN 55130-3902,"(44.9707875970283, -93.073339958284)",1
20150003726,SNELLING AVE FINE WINES,Liquor Off Sale,08/26/2019,Active,342923230176,4,11,500 SNELLING AVE N  ST PAUL MN 55104-2329,"(44.9562993935338, -93.166762759602)",1
20160002119,SWEET PEAS PUBLIC HOUSE,Liquor On Sale - 100 seats or less,08/01/2019,Active,102823230196,3,14,472 SNELLING AVE S  ST PAUL MN 55105-2147,"(44.9273940555895, -93.16654242457)",1
20160001981,ST PAUL SALOON,Liquor On Sale - 100 seats or less,08/18/2019,Active,332922310233,7,4,1045 HUDSON ROAD  ST PAUL MN 55106-6106,"(44.9523428642379, -93.05642925401)",1
20150002465,BLAIZE LIQUOR CORPORATION,Liquor Off Sale,08/11/2019,Active,192922330085,5,6,137 MARYLAND AVE W  ST PAUL MN 55117-4528,"(44.977957014389, -93.105365593693)",1
20130005423,TACO LIBRE,Liquor On Sale - 181-290 Seats,09/15/2019,Active,062822120059,2,17,354 WABASHA ST N  ST PAUL MN 55102-1418,"(44.9454424771747, -93.09401813589)",1
20140001654,PLAN B LOUNGE,Liquor On Sale - 100 seats or less,10/03/2019,Active,252923410132,1,6,879 RICE ST  ST PAUL MN 55117-5421,"(44.9676970974734, -93.10615819114)",1
19990007059,ELEMENTS CAFE,Liquor On Sale - 291 or more Seats,09/01/2019,Active,062822240077,2,9,120 KELLOGG BLVD W  ST PAUL MN 55114-1010,"(44.9428644037849, -93.098490392779)",1
20120000829,HAMLINE UNIVERSITY,Liquor On Sale - 291 or more Seats,09/01/2019,Active,272923330080,4,11,1536 HEWITT AVE  ST PAUL MN 55104-1205,"(44.9657647093439, -93.165272261021)",1
20170003022,OCTO FISHBAR,Liquor On Sale - 101-180 Seats,09/15/2019,Active,322922330386,,,289 5TH ST E UNIT 106 ST PAUL MN 55101,,1
20000003253,CHIPOTLE MEXICAN GRILL #128,Liquor On Sale - 100 seats or less,10/01/2019,Active,062822120128,2,17,29 5TH ST W  ST PAUL MN 55102-1402,"(44.9453574741736, -93.095405608854)",1
0050287,WILLARD'S LIQUORS,Liquor On Sale - 100 seats or less,09/14/2019,Active,352923140043,1,7,738 THOMAS AVE  ST PAUL MN 55104-2745,"(44.9592228422489, -93.131267091076)",1
20110001774,SKARDA'S,Liquor On Sale - 100 seats or less,10/01/2019,Active,112823410110,2,9,728 ARMSTRONG AVE  ST PAUL MN 55102-3804,"(44.9248352814677, -93.130437709075)",1
20010003342,OBB'S SPORTS BAR & GRILL,Liquor On Sale - 181-290 Seats,09/18/2019,Active,342922330135,7,4,1347 BURNS AVE  ST PAUL MN 55106-6518,"(44.9488316844567, -93.043337420971)",1
20000004587,THE NOOK,Malt Off Sale,09/28/2019,Active,102823420038,3,15,492 HAMLINE AVE S  ST PAUL MN 55105-2956,"(44.9266501080216, -93.1567169253)",1
20180001618,REVIVAL SMOKED MEATS,Liquor On Sale - 100 seats or less,09/18/2019,Active,122823230137,2,9,928 7TH ST W STE 105 ST PAUL MN 55102,"(44.9287264559048, -93.124903672844)",1
20180001616,IN BLOOM,Liquor On Sale - 101-180 Seats,09/18/2019,Active,122823230137,2,9,928 7TH ST W STE 101 ST PAUL MN 55102,"(44.9287264559048, -93.124903672844)",1
19990001983,CHIPOTLE MEXICAN GRILL #128,Liquor On Sale - 100 seats or less,06/04/2019,Active,172823110103,3,15,2082 FORD PKWY  ST PAUL MN 55116,"(44.9175833228657, -93.188313034395)",1
0034580,HUNAN GARDEN,Liquor On Sale - 181-290 Seats,10/01/2019,Active,062822120030,2,17,380 CEDAR ST  ST PAUL MN 55101-1705,"(44.9468790325147, -93.093600789425)",1
20080002145,PARK SQUARE THEATRE,Liquor On Sale - Theater,09/01/2019,Active,062822210041,2,17,20 7TH PLACE W  ST PAUL MN 55102,"(44.9468369222109, -93.096670363314)",1
20160003802,75 MARKET AND DELI INC,Malt Off Sale,10/01/2019,Active,282922440216,7,4,1187 MINNEHAHA AVE E  ST PAUL MN 55106-4718,"(44.96317349137, -93.050296481684)",1
20180002846,GAZTA AND ENHANCEMENTS LLC,Liquor On Sale - 100 seats or less,09/14/2019,Active,122823230137,2,9,928 7TH ST W STE 106 ST PAUL MN 55102,"(44.9287264559048, -93.124903672844)",1
20040004132,THE FOUNDRY PUB,Liquor On Sale - 100 seats or less,09/29/2019,Active,192922340055,5,6,1201 JACKSON ST  ST PAUL MN 55117-4611,"(44.9775358932715, -93.096597057999)",1
20160004150,THE BULLDOG RESTAURANT,Liquor On Sale - 101-180 Seats,10/01/2019,Active,312922440898,2,17,237 6TH ST E #100 ST PAUL MN 55101,"(44.9500208873072, -93.088102181752)",1
20180000245,RED RABBIT,Liquor On Sale - 101-180 Seats,09/17/2019,Active,022823420081,2,16,788 GRAND AVE  ST PAUL MN 55105-3306,"(44.9398194046242, -93.133305279384)",1
20140001202,PUPRAYA THAI RESTAURANT,Liquor On Sale - 101-180 Seats,08/24/2019,Active,252923410259,1,6,945 RICE ST UNIT A ST PAUL MN 55117,"(44.9695280343097, -93.106345029375)",1
20060002522,BENNETT'S CHOP AND RAILHOUSE,Liquor On Sale - 101-180 Seats,08/01/2019,Active,112823430014,2,9,1305 7TH ST W  ST PAUL MN 55102-4135,"(44.9220000541808, -93.135694697788)",1
20010004112,GREAT AMERICAN HISTORY THEATRE,Liquor On Sale - Theater,09/17/2019,Active,312922340200,2,17,30 10TH ST E  ST PAUL MN 55101-2205,"(44.9501368430785, -93.097592543615)",1
20040001923,LOWERTOWN WINE & SPIRITS,Liquor Off Sale,09/01/2019,Active,322922330049,2,17,262 4TH ST E  ST PAUL MN 55101-1484,"(44.9487398719772, -93.085420514053)",1
20140002976,VIEUX CARRE,Liquor On Sale - 101-180 Seats,10/01/2019,Active,062822210041,2,17,408 ST PETER ST  ST PAUL MN 55102-1130,"(44.9464284916961, -93.096660251044)",1
20030001125,LA GROLLA,Liquor On Sale - 100 seats or less,10/09/2019,Active,012823210266,1,8,452 SELBY AVE  ST PAUL MN 55102-1727,"(44.9464716927046, -93.119276170388)",1
20100004767,DESTINY CAFE 2 CORP,Liquor On Sale - 101-180 Seats,11/15/2019,Active,272922220162,6,2,1151 CLARENCE ST  ST PAUL MN 55106-2809,"(44.9760617231713, -93.043368705581)",1
20160002116,AUGUSTINE'S,Liquor On Sale - 100 seats or less,10/21/2019,Active,042823110196,4,13,1668 SELBY AVE  ST PAUL MN 55104-1452,"(44.9463873047204, -93.170999898455)",1
20170003822,KYATCHI,Liquor On Sale - 100 seats or less,10/18/2019,Active,322922330378,2,17,308 PRINCE ST #140 ST PAUL MN 55101,"(44.9492771519454, -93.083570884189)",1
20000003940,SKINNER'S PUB,Liquor On Sale - 100 seats or less,11/01/2019,Active,112823240169,2,9,919 RANDOLPH AVE  ST PAUL MN 55102-3345,"(44.9270355556866, -93.138835327078)",1
20130005179,KOWALSKI'S GRAND MARKET,Liquor Off Sale,09/01/2019,Active,032823420114,3,14,1261 GRAND AVE  ST PAUL MN 55104-3820,"(44.9402097718435, -93.153609095899)",1
20170004042,MONKON SUSHI,Liquor On Sale - 181-290 Seats,10/06/2019,Active,362923310137,1,8,394 UNIVERSITY AVE W  ST PAUL MN 55103,"(44.9555519864989, -93.116670591751)",1
20180003895,SWEET PEAS PUBLIC HOUSE,Liquor On Sale - 100 seats or less,10/16/2019,Pending,102823230196,3,14,472 SNELLING AVE S  ST PAUL MN 55105-2147,"(44.9273940555895, -93.16654242457)",1
20090002922,SPEEDY DALE,Malt Off Sale,10/30/2019,Active,352923140242,1,7,589 DALE ST N  ST PAUL MN 55103-1604,"(44.9590841983429, -93.126658671581)",1
20180002830,HOLMAN'S TABLE,Liquor On Sale - 100 seats or less,08/01/2019,Active,042822330001,2,3,644 BAYFIELD ST  ST PAUL MN 55101-2349,"(44.9419782770847, -93.065088349535)",1
20180002381,FLANNELJAX'S,Liquor On Sale - 100 seats or less,10/10/2019,Active,282923330009,4,11,755 PRIOR AVE N UNIT 102 ST PAUL MN 55104,"(44.9641457828928, -93.182779925402)",1
20150002452,LOS OCAMPOS,Liquor On Sale - 100 seats or less,10/07/2019,Active,362923230237,1,7,615 UNIVERSITY AVE W  ST PAUL MN 55103-1940,"(44.9558996418418, -93.125981784345)",1
20050004074,THE HAPPY GNOME,Liquor On Sale - 181-290 Seats,11/15/2019,Active,012823210271,1,8,498 SELBY AVE  ST PAUL MN 55102-1727,"(44.9464462396555, -93.120957340837)",1
20160001640,PEDDLERS PUB & CAPITOL RIDGE EVENT CTR,Liquor On Sale - 101-180 Seats,11/30/2019,Active,362923440005,1,17,161 ST ANTHONY AVE  ST PAUL MN 55116-1346,"(44.9517614290107, -93.107380641816)",1
20130003592,SHADEY'S,Liquor On Sale - 100 seats or less,10/06/2019,Active,072822410035,2,3,674 DODD ROAD  ST PAUL MN 55107-3639,"(44.9260621212666, -93.088439297593)",1
0091673,FRATERNAL ORDER OF EAGLES,Liquor On Sale-Club under 200 Mbrs - A,10/21/2019,Active,322922410016,7,4,287 MARIA AVE  ST PAUL MN 55106-6225,"(44.9544388689443, -93.070136187532)",1
20040002826,THE KLUB HAUS,Liquor On Sale-Club 501-1000 Mbrs - C,10/18/2019,Active,252923110195,5,6,1079 RICE ST  ST PAUL MN 55117-4920,"(44.9738903724584, -93.106130528262)",1
0086794,MINNESOTA MUSIC CLUB,Liquor On Sale - 181-290 Seats,10/22/2019,Active,322922240115,5,5,499 PAYNE AVE  ST PAUL MN 55130,"(44.9563686138404, -93.078498395555)",1
20130001546,FRENCH MEADOW BAKERY & CAFE,Liquor On Sale - 100 seats or less,12/11/2019,Active,042823410027,3,14,1662 GRAND AVE  ST PAUL MN 55105-1804,"(44.939946577102, -93.170471720023)",1
20160003691,KING THAI RESTAURANT,Liquor On Sale - 181-290 Seats,10/15/2019,Active,362923140139,1,7,225 UNIVERSITY AVE W  ST PAUL MN 55103-2045,"(44.9559548042147, -93.109719833322)",1
0086811,PARK LIQUOR STORE,Liquor Off Sale,10/31/2019,Active,032823220164,1,13,140 SNELLING AVE N  ST PAUL MN 55104-6746,"(44.9455924993825, -93.166825170341)",1
20070004088,MERITAGE,Liquor On Sale - 100 seats or less,11/14/2019,Active,062822210041,2,17,410 ST PETER ST  ST PAUL MN 55102-1105,"(44.9465240604291, -93.096446939553)",1
0086794,MINNESOTA MUSIC CLUB,Malt Off Sale,10/22/2019,Active,322922240115,5,5,499 PAYNE AVE  ST PAUL MN 55130,"(44.9563686138404, -93.078498395555)",1
19990003551,BLACK DOG COFFEE BAR & CAFE,Liquor On Sale - 101-180 Seats,10/25/2019,Active,322922330377,2,17,308 PRINCE ST  ST PAUL MN 55101-1437,"(44.9492771519454, -93.083570884189)",1
20080003854,BIG DISCOUNT LIQUOR,Liquor Off Sale,12/07/2019,Active,252923410259,1,6,945 RICE ST STE C ST PAUL MN 55117,"(44.9695280343097, -93.106345029375)",1
20110004129,MIDWAY LIQUOR STORE,Liquor Off Sale,12/15/2019,Active,332923240079,4,11,1955 UNIVERSITY AVE W UNIT 104 ST PAUL MN 55104,"(44.9579164967527, -93.181960586912)",1
20100004242,SPEEDWAY #4030,Malt Off Sale,12/01/2019,Active,242923110004,5,6,1625 RICE ST  ST PAUL MN 55117-3755,"(44.990291176887, -93.10619976697)",1
20180000170,PAZZALUNA RESTAURANT,Liquor On Sale - 181-290 Seats,01/30/2020,Active,062822120278,2,17,360 ST PETER ST  ST PAUL MN 55102-3641,"(44.9449665788739, -93.094824227354)",1
20160003866,NEW BOHEMIA WURST & BIER HAUS/TRUCK YARD,Liquor On Sale - 291 or more Seats,01/27/2020,Active Pending Ren,062822230179,2,9,222 7TH ST W  ST PAUL MN 55104-3901,"(44.9434108055388, -93.103776208882)",1
0015513,ST PAUL CURLING CLUB,Liquor On Sale-Club 501-1000 Mbrs - C,12/14/2019,Active,012823210267,1,8,470 SELBY AVE  ST PAUL MN 55102-1727,"(44.9464699463669, -93.119938735613)",1
20170004483,HODGES BEND,Liquor On Sale - 101-180 Seats,12/21/2019,Active,292923320131,,,2700 UNIVERSITY AVE W STE 100 ST PAUL MN 55114,,1
20060003254,PAYNE ORIENTAL MARKET,Malt Off Sale,12/01/2019,Active,292922130201,6,5,1048 PAYNE AVE  ST PAUL MN 55130-3841,"(44.9725989167652, -93.073271613294)",1
20160003357,CAN CAN WONDERLAND,Liquor On Sale - 291 or more Seats,05/01/2019,Active,282923330009,4,11,755 PRIOR AVE N ST PAUL MN 55104,"(44.9641457828928, -93.182779925402)",1
20180004478,THE GUILD,Liquor On Sale - 100 seats or less,12/19/2019,Pending,042823110030,4,13,161 SNELLING AVE N  ST PAUL MN 55104-6747,"(44.9462509582042, -93.16721167255)",1
20180000679,"ST PAUL TAP, SPORTS BAR & GAMING CO",Liquor On Sale - 101-180 Seats,06/01/2019,Active,112823120037,2,9,825 JEFFERSON AVE  ST PAUL MN 55102-3249,"(44.9309117378068, -93.134624285603)",1
20180000505,CASAMIGOS RESTAURANT,Liquor On Sale - 100 seats or less,08/09/2019,Active,192922110068,5,5,296 LARPENTEUR AVE E  ST PAUL MN 55117-2824,"(44.9911190720406, -93.087981821289)",1
20170003882,MINNEHAHA LIQUORS,Liquor Off Sale,12/13/2019,Active,262923340022,1,7,945 MINNEHAHA AVE W  ST PAUL MN 55104-1544,"(44.9631184310915, -93.140076707606)",1
20100000062,RAS RESTAURANT & LOUNGE,Liquor On Sale - 101-180 Seats,01/01/2020,Active Pending Ren,212823140003,3,15,2516 7TH ST W  ST PAUL MN 55116-2817,"(44.9009594977091, -93.171329346974)",1
20100004245,SPEEDWAY #4038,Malt Off Sale,12/01/2019,Active,292922220175,5,5,390 MARYLAND AVE E  ST PAUL MN 55101-1401,"(44.9772330780364, -93.084157588869)",1
19990006428,SHAMROCK PLAZA LIQUOR,Liquor Off Sale,01/01/2020,Active,112822110086,7,1,289 MCKNIGHT ROAD S  ST PAUL MN 55119,"(44.9321445055394, -93.005255107612)",1
20100004264,SPEEDWAY #4601,Malt Off Sale,12/01/2019,Active,312922440035,2,17,296 7TH ST E  ST PAUL MN 55101-2301,"(44.9515476065952, -93.086866550079)",1
20070003867,TREND BAR,Liquor On Sale - 100 seats or less,12/21/2019,Active,342923230126,4,11,1537 UNIVERSITY AVE W  ST PAUL MN 55104-3905,"(44.9560136690661, -93.165585760583)",1
20160002604,REVIVAL,Liquor On Sale - 100 seats or less,12/22/2019,Active,012823220271,1,8,525 SELBY AVE  ST PAUL MN 55102,"(44.9466810290997, -93.122369585527)",1
20030001053,MOUNDS THEATRE CO,Liquor On Sale - Theater,01/01/2020,Active,332922310097,7,4,1029 HUDSON ROAD  ST PAUL MN 55106-6106,"(44.9523440404403, -93.056900400634)",1
20100004235,SPEEDWAY #4020,Malt Off Sale,12/01/2019,Active,342923410012,1,13,399 LEXINGTON PKWY N  ST PAUL MN 55104-4634,"(44.9532463417585, -93.147387268111)",1
20160000962,LA COSTA MEXICAN SPORTS BAR & GRILL,Liquor On Sale - 100 seats or less,03/02/2019,Active Pending Ren,082822240041,2,3,194 CESAR CHAVEZ ST  ST PAUL MN 55107-2310,"(44.9294577523047, -93.077244071827)",1
0033570,JOE AND STAN'S,Liquor On Sale - 100 seats or less,12/22/2019,Active,112823140132,2,9,949 7TH ST W  ST PAUL MN 55102-3501,"(44.9279742772473, -93.126553074505)",1
0016320,W A FROST AND COMPANY,Liquor On Sale - 181-290 Seats,11/22/2019,Active,012823120153,1,8,374 SELBY AVE  ST PAUL MN 55102-1825,"(44.9462054178515, -93.115703193538)",1
20100005167,LOS OCAMPO MEXICAN RESTAURANT,Liquor On Sale - 101-180 Seats,01/01/2020,Active,342922440009,7,1,1751 SUBURBAN AVE  ST PAUL MN 55106-6620,"(44.9502486155575, -93.026175945331)",1
0015999,DUBLINER PUB,Liquor On Sale - 101-180 Seats,03/31/2019,Active Pending Ren,322923110029,4,12,2162 UNIVERSITY AVE W  ST PAUL MN 55114-1820,"(44.9605295634403, -93.189601492849)",1
0015773,MANCINI'S CHAR HOUSE,Malt Off Sale,01/31/2020,Active,012823430248,2,9,531 7TH ST W  ST PAUL MN 55102-3641,"(44.9367977613927, -93.113644950078)",1
0063580,FIRST GRAND AVENUE LIQUORS,Liquor Off Sale,01/01/2020,Active,022823310142,2,16,918 GRAND AVE  ST PAUL MN 55105-3007,"(44.9398482130178, -93.138794246826)",1
20150000949,SHWE KAREN MARKET INC,Malt Off Sale,02/17/2020,Active,252923410067,1,6,230 FRONT AVE  ST PAUL MN 55117-5326,"(44.9701102148545, -93.110079062196)",1
20060000076,RED SEA MARKET,Malt Off Sale,03/11/2020,Active,062822120059,2,17,340 WABASHA ST N  ST PAUL MN 55102-1418,"(44.9451375861824, -93.093741969549)",1
20100004262,SPEEDWAY #4428,Malt Off Sale,12/01/2019,Active,042823430093,3,14,232 FAIRVIEW AVE S  ST PAUL MN 55105-1550,"(44.9345980546648, -93.176801372415)",1
20180004163,SUN RAY LANES,Liquor On Sale - 181-290 Seats,12/14/2019,Active,352922440001,7,1,2245 HUDSON ROAD  ST PAUL MN 55119-4130,"(44.9518506274125, -93.005383163847)",1
20160002560,ASIAN MARKET,Malt Off Sale,01/12/2020,Active,242923410002,5,6,1423 RICE ST  ST PAUL MN 55117-4545,"(44.9840438821647, -93.106143328239)",1
20150003708,FAR EAST,Liquor On Sale - 100 seats or less,01/28/2020,Active,292922410188,6,5,959 ARCADE ST  ST PAUL MN 55106-3850,"(44.9701601273344, -93.066078926266)",1
20190000177,GIBSONS BOOZE FOOD AND FUN,Liquor On Sale - 100 seats or less,01/24/2020,Pending,342923230182,4,11,1553 UNIVERSITY AVE W  ST PAUL MN 55104-3903,"(44.9558661853051, -93.165967831342)",1
20070001103,TOM REID'S HOCKEY CITY PUB,Liquor On Sale - 181-290 Seats,03/10/2019,Active Pending Ren,062822230167,2,9,258 7TH ST W  ST PAUL MN 55102-2523,"(44.942571740486, -93.104906582971)",1
0015931,COZY CANTINA,Liquor On Sale - 100 seats or less,03/31/2019,Active Pending Ren,082822240037,2,3,202 CESAR CHAVEZ ST  ST PAUL MN 55107-2310,"(44.9293864686099, -93.076914119382)",1
20120005384,RITE LIQUOR,Liquor Off Sale,01/27/2020,Active,092823440196,3,15,645 SNELLING AVE S  ST PAUL MN 55116-1531,"(44.9219811699958, -93.167313486047)",1
20150000459,SCOTT'S LIQUOR,Liquor Off Sale,01/31/2020,Active,102823220028,3,14,1464 ST CLAIR AVE  ST PAUL MN 55105-2339,"(44.933999769054, -93.1622136777)",1
0016290,VOGEL'S LOUNGE,Liquor On Sale - 100 seats or less,02/29/2020,Active,282922220149,6,5,1112 ARCADE ST  ST PAUL MN 55106-2614,"(44.9749143004227, -93.065824928986)",1
20180002651,NICO'S TACOS,Liquor On Sale - 101-180 Seats,12/13/2019,Active,202923420086,4,12,2260 COMO AVE  ST PAUL MN 55108-1720,"(44.9811730401853, -93.194604876618)",1
0016222,BORN'S DUTCH BAR,Liquor On Sale - 100 seats or less,04/01/2019,Active Pending Ren,252923410090,1,6,899 RICE ST  ST PAUL MN 55117-5424,"(44.9683471250324, -93.106114953482)",1
20100004267,SPEEDWAY #4040,Malt Off Sale,12/01/2019,Active,342922410048,7,1,1771 OLD HUDSON ROAD  ST PAUL MN 55106-6120,"(44.9528183667425, -93.025652871344)",1
20100004249,SPEEDWAY #4358,Malt Off Sale,12/01/2019,Approved,272923330057,4,11,756 SNELLING AVE N  ST PAUL MN 55104-1215,"(44.9638407480822, -93.166831577428)",1
20160000656,INTERNATIONAL WINES & LIQUORS,Liquor Off Sale,04/01/2019,Active Pending Ren,092823330102,3,15,710 CLEVELAND AVE S  ST PAUL MN 55116-1319,"(44.9202106276651, -93.18711562144)",1
20160002945,PAJARITO,Liquor On Sale - 101-180 Seats,12/14/2019,Active,012823340136,2,9,605 7TH ST W  ST PAUL MN 55102-2920,"(44.9351896598583, -93.116131186193)",1
0016396,TED'S RECREATION,Liquor On Sale - 100 seats or less,01/31/2020,Active,232923220098,5,10,1084 LARPENTEUR AVE W  ST PAUL MN 55113-6508,"(44.991813802154, -93.145756441751)",1
0092068,SPEEDY FOOD STOP,Malt Off Sale,03/31/2019,Active Pending Ren,252923230085,5,6,968 DALE ST N  ST PAUL MN 55117-5602,"(44.9704783639098, -93.125939150981)",1
20040000032,THE CHERRY PIT,Liquor On Sale - 101-180 Seats,01/31/2020,Active,272922440202,7,2,735 WHITE BEAR AVE N  ST PAUL MN 55106-4309,"(44.9633686560785, -93.025508033949)",1
20170000483,7 WHITE BEARS LIQUOR,Liquor Off Sale,04/01/2019,Active Pending Ren,262922320115,7,2,1785 7TH ST E  ST PAUL MN 55119-3418,"(44.9667899240466, -93.024831001362)",1
20130000151,CUB LIQUOR,Liquor Off Sale,03/31/2019,Active Pending Ren,352922440054,7,1,2215 OLD HUDSON ROAD  ST PAUL MN 55119-4404,"(44.9518348912744, -93.006938379123)",1
0078142,THOMAS LIQUORS,Liquor Off Sale,01/31/2020,Active,042823320042,4,14,1941 GRAND AVE  ST PAUL MN 55105-1433,"(44.9402283490691, -93.182466331685)",1
20180004120,FITZGERALD THEATER,Liquor On Sale - Theater,01/01/2020,Active,312922340264,2,17,10 EXCHANGE ST E  ST PAUL MN 55101-2220,"(44.9491522313291, -93.097211835367)",1
0023846,WABASHA STREET CAVES,Liquor On Sale - 181-290 Seats,12/14/2019,Active,062822440079,2,3,215 WABASHA ST S  ST PAUL MN 55107-1805,"(44.9358560665664, -93.086958808315)",1
20100004236,SPEEDWAY #4023,Malt Off Sale,12/01/2019,Approved,072822230085,2,3,577 SMITH AVE S  ST PAUL MN 55107-2617,"(44.9283904234335, -93.102040641078)",1
20100004250,SPEEDWAY #4359,Malt Off Sale,12/01/2019,Active,262923320146,1,10,950 LEXINGTON PKWY N  ST PAUL MN 55103-1106,"(44.9698411511744, -93.146239024152)",1
0044113,KAMP'S,Malt Off Sale,03/31/2019,Active Pending Ren,252923240211,5,6,1059 WESTERN AVE N  ST PAUL MN 55116-1346,"(44.9734837421457, -93.116281894539)",1
0016211,TIFFANY LOUNGE,Liquor On Sale - 101-180 Seats,01/31/2019,Delinquent,162823220081,3,15,2051 FORD PKWY  ST PAUL MN 55116-1932,"(44.9180713200154, -93.186834419121)",1
0016212,DEGIDIO'S BAR,Liquor On Sale - 181-290 Seats,03/31/2019,Active Pending Ren,012823410141,2,9,425 7TH ST W  ST PAUL MN 55102-2730,"(44.9390669632034, -93.110282597812)",1
20140000216,JOSEPH'S GRILL,Liquor On Sale - 291 or more Seats,03/31/2019,Active Pending Ren,062822410019,2,3,140 WABASHA ST S  ST PAUL MN 55107,"(44.938770206189, -93.087722633174)",1
20010005143,MCCAFFERTY'S LIQUOR STORE,Liquor Off Sale,01/01/2020,Active,102823130129,3,14,1325 RANDOLPH AVE  ST PAUL MN 55105-2957,"(44.9273855817303, -93.156161231251)",1
20100004269,SPEEDWAY #4032,Malt Off Sale,12/01/2019,Active,142823230033,2,9,1734 7TH ST W  ST PAUL MN 55116-2345,"(44.9144078524966, -93.14607128374)",1
20120003366,EAST 7TH LIQUOR,Liquor Off Sale,01/01/2020,Active,322922320021,2,4,385 7TH ST E  ST PAUL MN 55101,"(44.9533465114094, -93.084679590151)",1
20100004256,SPEEDWAY #4421,Malt Off Sale,12/01/2019,Active,352923310009,1,8,970 UNIVERSITY AVE W  ST PAUL MN 55104-4703,"(44.9553668797382, -93.141297510893)",1
20160003418,KAR TA THAI,Liquor On Sale - 100 seats or less,12/14/2019,Active,202923420124,4,12,2295 COMO AVE  ST PAUL MN 55104-4809,"(44.9821595361827, -93.195180488071)",1
0033515,MARSHALL LIQUORS,Liquor Off Sale,01/31/2020,Active,332923330114,4,13,2027 MARSHALL AVE  ST PAUL MN 55104-5745,"(44.9487008663764, -93.186069409643)",1
0090805,MOSCOW ON THE HILL,Liquor On Sale - 101-180 Seats,01/01/2020,Active,012823120081,1,8,371 SELBY AVE  ST PAUL MN 55102-1822,"(44.9467309610567, -93.115696132972)",1
0016280,ORDWAY CENTER FOR THE PERFORMING ARTS,Liquor On Sale - Theater,02/11/2020,Active,062822240076,2,17,345 WASHINGTON ST  ST PAUL MN 55114-1010,"(44.9446206098512, -93.098039035982)",1
20070004407,BEST WESTERN PLUS COMO PARK HOTEL,Liquor On Sale - 101-180 Seats,01/03/2020,Active,272923130041,4,10,1010 BANDANA BLVD W  ST PAUL MN 55108-5107,"(44.9711866774573, -93.154379840642)",1
20170004319,HERITAGE TEA HOUSE,Liquor On Sale - 100 seats or less,01/25/2019,Delinquent,362923420151,1,8,360 UNIVERSITY AVE W STE 103 ST PAUL MN 55103,"(44.9555173358337, -93.115284678422)",1
20100004268,SPEEDWAY #4430,Malt Off Sale,12/01/2019,Active,272922320138,6,2,846 JOHNSON PKWY  ST PAUL MN 55106-3420,"(44.9669991749469, -93.044585996627)",1
0019289,HOLIDAY STATIONSTORE #45,Malt Off Sale,03/31/2019,Active Pending Ren,062822440002,2,3,200 WABASHA ST S  ST PAUL MN 55107-1804,"(44.9369162212582, -93.08698128459)",1
20170001228,LITTLE BURMA LLC,Malt Off Sale,02/05/2020,Active Pending Ren,292922120209,6,5,1097 PAYNE AVE  ST PAUL MN 55130,"(44.974315399624, -93.073670733653)",1
20100004253,SPEEDWAY #4419,Malt Off Sale,12/01/2019,Active,022823310141,2,16,925 GRAND AVE  ST PAUL MN 55105-3015,"(44.9403614413139, -93.139239311222)",1
0016351,HAT TRICK LOUNGE,Liquor On Sale - 101-180 Seats,04/01/2019,Active Pending Ren,062822110014,2,17,134 5TH ST E  ST PAUL MN 55101-1622,"(44.9475639257441, -93.090253628945)",1
20140003190,TARGET STORE T2229,Liquor Off Sale,02/01/2020,Active,342923420020,1,13,1300 UNIVERSITY AVE W  ST PAUL MN 55104,"(44.9533106930594, -93.155534480638)",1
0018675,EL BURRITO MERCADO,Liquor On Sale - 101-180 Seats,04/01/2019,Active Pending Ren,082822240214,2,3,175 CESAR CHAVEZ ST  ST PAUL MN 55101-1401,"(44.9298056407821, -93.07771100357)",1
0078350,JIMMY'S FOOD MARKET,Malt Off Sale,03/31/2019,Active Pending Ren,352922230114,7,1,532 WHITE BEAR AVE N  ST PAUL MN 55106-6005,"(44.9574819482833, -93.024923277144)",1
20020000805,LAMPLIGHTER LOUNGE,Liquor On Sale - 101-180 Seats,04/01/2019,Active Pending Ren,242923110002,5,6,160 LARPENTEUR AVE W  ST PAUL MN 55113-6704,"(44.9913661714742, -93.106869574353)",1
0097163,HASKELL'S,Liquor Off Sale,01/31/2020,Active,172823120080,3,15,2221 FORD PKWY  ST PAUL MN 55116-1800,"(44.9181957670677, -93.193895843138)",1
0016113,MORELLI'S DISCOUNT LIQUOR,Liquor Off Sale,01/31/2020,Active,322922210199,5,5,535 TEDESCO ST  ST PAUL MN 55130,"(44.9602097062171, -93.077975715963)",1
0049923,LANDMARK BEVERAGE SERVICE,Liquor On Sale - 181-290 Seats,01/01/2020,Active,062822210049,2,17,75 5TH ST W STE 404 ST PAUL MN 55102,"(44.9452278939053, -93.097188104688)",1
20180002156,BIG TOP LIQUORS,Liquor Off Sale,02/01/2020,Active,342923320005,1,13,1544 UNIVERSITY AVE W  ST PAUL MN 55104-3908,"(44.9553798888329, -93.164123846404)",1
0016385,MGM LIQUOR WAREHOUSE,Liquor Off Sale,01/31/2020,Active,342922440010,7,1,275 WHITE BEAR AVE N  ST PAUL MN 55106-6026,"(44.9501023395044, -93.025637684928)",1
20110002908,UNIVERSITY OF ST THOMAS,Liquor On Sale - 291 or more Seats,01/31/2020,Active,052823140002,4,13,2115 SUMMIT AVE  ST PAUL MN 55105-1048,"(44.9435485818821, -93.189058585452)",1
20190000107,TASTE OF RONDO RESTAURANT,Liquor On Sale - 100 seats or less,01/14/2020,Pending,352923340005,1,8,976 CONCORDIA AVE  ST PAUL MN 55104-5419,"(44.9511155368278, -93.141245418213)",1
0016295,GRAND 7 SALOON,Malt Off Sale,04/01/2019,Active Pending Ren,012823410020,2,9,315 7TH ST W  ST PAUL MN 55102-2326,"(44.9411729148966, -93.107235612483)",1
20040001008,KEYS ROBERT STREET CAFE,Liquor On Sale - 101-180 Seats,02/01/2020,Active,312922431524,2,17,504 ROBERT ST N  ST PAUL MN 55101-2246,"(44.9510265926558, -93.094082629485)",1
20060004156,SHAMROCK'S IRISH NOOK,Liquor On Sale - 181-290 Seats,12/10/2019,Active,112823140194,2,9,995 7TH ST W  ST PAUL MN 55102-3519,"(44.9271550539524, -93.127784005148)",1
0016212,DEGIDIO'S BAR,Malt Off Sale,03/31/2019,Active Pending Ren,012823410141,2,9,425 7TH ST W  ST PAUL MN 55102-2730,"(44.9390669632034, -93.110282597812)",1
20030000566,THE LIFFEY,Liquor On Sale - 181-290 Seats,03/06/2019,Active Pending Ren,062822230171,2,9,175 7TH ST W  ST PAUL MN 55102-2520,"(44.9443654261233, -93.103333769247)",1
0015773,MANCINI'S CHAR HOUSE,Liquor On Sale - 291 or more Seats,01/31/2020,Active,012823430248,2,9,531 7TH ST W  ST PAUL MN 55102-3641,"(44.9367977613927, -93.113644950078)",1
0016295,GRAND 7 SALOON,Liquor On Sale - 100 seats or less,04/01/2019,Active Pending Ren,012823410020,2,9,315 7TH ST W  ST PAUL MN 55102-2326,"(44.9411729148966, -93.107235612483)",1
0015931,COZY CANTINA,Malt Off Sale,03/31/2019,Active Pending Ren,082822240037,2,3,202 CESAR CHAVEZ ST  ST PAUL MN 55107-2310,"(44.9293864686099, -93.076914119382)",1
20100004251,SPEEDWAY #4413,Malt Off Sale,12/01/2019,Active,042823320020,4,14,2051 GRAND AVE  ST PAUL MN 55105-1446,"(44.9404799138615, -93.187125699292)",1
20130004840,THE TURF CLUB,Liquor On Sale - 291 or more Seats,01/01/2020,Active,332923140085,4,11,1601 UNIVERSITY AVE W  ST PAUL MN 55104-3820,"(44.9558634010527, -93.167957293239)",1
20190000491,JOSEPH'S GRILL,Liquor On Sale - 291 or more Seats,02/28/2020,Pending,062822410036,2,3,140 WABASHA ST S  ST PAUL MN 55107-1819,"(44.9383640230226, -93.088314549394)",1
20130000646,DOUBLETREE BY HILTON SAINT PAUL,Liquor On Sale - 291 or more Seats,04/07/2019,Active Pending Ren,062822120020,2,17,411 MINNESOTA ST  ST PAUL MN 55101-1703,"(44.9479734187806, -93.093448281771)",1
20180004243,ALLIANZ FIELD,Liquor On Sale - 291 or more Seats,10/01/2019,Active,342923320003,1,13,400 SNELLING AVE N  ST PAUL MN 55104-3822,"(44.9534992882412, -93.166701375588)",1
20160001598,NORTH GARDEN THEATER LLC,Liquor On Sale - 101-180 Seats,04/19/2019,Active Pending Ren,112823140136,2,9,929 7TH ST W  ST PAUL MN 55102-3501,"(44.92838966129, -93.126204138177)",1
0016348,YARUSSO BROTHERS,Liquor On Sale - 101-180 Seats,01/31/2020,Active,,5,5,637 PAYNE AVE  ST PAUL MN 55130-4541,"(44.9608376345939, -93.077414887351)",1
20180000336,PARLOUR,Liquor On Sale - 101-180 Seats,04/06/2019,Active Pending Ren,062822230150,2,9,267 7TH ST W  ST PAUL MN 55102-2409,"(44.9424105785576, -93.105610931013)",1
20130000648,INTERCONTINENTAL SAINT PAUL RIVERFRONT,Liquor On Sale - 291 or more Seats,04/07/2019,Active Pending Ren,062822130224,2,17,11 KELLOGG BLVD E  ST PAUL MN 55101-1005,"(44.9443298077083, -93.092544874584)",1
20070000508,NGON VIETNAMESE BISTRO,Liquor On Sale - 100 seats or less,04/27/2019,Active Pending Ren,352923130217,1,7,799 UNIVERSITY AVE W  ST PAUL MN 55104-4806,"(44.9560907099047, -93.133778640164)",1
20180000129,GRAND CATCH,Liquor On Sale - 100 seats or less,02/14/2020,Active Pending Ren,042823410029,3,14,1672 GRAND AVE  ST PAUL MN 55105-1804,"(44.9399518197282, -93.170784599412)",1
20090000399,SUN FOODS II INC,Malt Off Sale,02/12/2020,Active,362923320102,1,8,544 UNIVERSITY AVE W  ST PAUL MN 55106,"(44.954925109465, -93.124294636655)",1
20190000312,THE LOON CAFE ST PAUL,Liquor On Sale - 101-180 Seats,02/08/2020,Pending,062822210041,2,17,426 ST PETER ST  ST PAUL MN 55102-1105,"(44.9466770402071, -93.096901975392)",1
0016395,CHRISTENSEN'S BAR,Liquor On Sale - 100 seats or less,02/28/2019,Delinquent,342923230180,4,11,1567 UNIVERSITY AVE W  ST PAUL MN 55104-3903,"(44.9558653477721, -93.166343758371)",1
20160004054,SAKANA,Liquor On Sale - 100 seats or less,03/05/2020,Active Pending Ren,162823220012,3,15,740 CLEVELAND AVE S  ST PAUL MN 55116-1345,"(44.9191408575746, -93.187108097986)",1
0068396,BILLY'S VICTORIAN BAR,Liquor On Sale - 100 seats or less,04/30/2019,Active Pending Ren,352923120182,1,7,859 THOMAS AVE  ST PAUL MN 55104-2750,"(44.9594550521386, -93.136303082495)",1
0092598,J R MAC'S,Liquor On Sale - 101-180 Seats,04/30/2019,Active Pending Ren,112823340185,2,9,1420 7TH ST W  ST PAUL MN 55102-4206,"(44.9198471085404, -93.138022931152)",1
20140003000,WORLD OF BEER,Liquor On Sale - 101-180 Seats,02/16/2019,Delinquent,312922440074,2,17,356 SIBLEY ST  ST PAUL MN 55101,"(44.94865749983, -93.087915044906)",1
20140000553,PHALEN PARK GOLF COURSE & CLUB HOUSE,Liquor On Sale - 181-290 Seats,04/18/2019,Active Pending Ren,212922230003,6,5,1615 PHALEN DRIVE  ST PAUL MN 55106,"(44.9890373503855, -93.062586078092)",1
20160002909,BRUNSON'S PUB,Liquor On Sale - 101-180 Seats,02/15/2020,Active,292922420347,6,5,956 PAYNE AVE  ST PAUL MN 55130,"(44.9700735805879, -93.073387800817)",1
0016190,BOCA CHICA,Liquor On Sale - 181-290 Seats,04/30/2019,Active Pending Ren,082822220013,2,3,11 CESAR CHAVEZ ST  ST PAUL MN 55107-2225,"(44.9337624251778, -93.083714613713)",1
20120000515,PERRIER WINES & LIQUORS,Liquor Off Sale,04/29/2019,Active Pending Ren,022823410074,2,16,666 GRAND AVE  ST PAUL MN 55105-3402,"(44.9397396173172, -93.128129927263)",1
0016383,LA CUCARACHA RESTAURANT,Liquor On Sale - 101-180 Seats,01/01/2020,Active,012823320037,2,16,36 DALE ST S  ST PAUL MN 55102-2608,"(44.9403325074864, -93.126073030163)",1
20180004365,PIMENTO JAMAICAN KITCHEN,Liquor On Sale - 100 seats or less,02/12/2020,Active,122823230137,2,9,928 7 ST W UNIT 104 ST PAUL MN 55102,"(44.9287264559048, -93.124903672844)",1
0031224,CUB FOODS,Malt Off Sale,02/29/2020,Active,342923310021,1,13,1440 UNIVERSITY AVE W  ST PAUL MN 55104,"(44.9531199918782, -93.161111852454)",1
0016111,TOWN & COUNTRY CLUB,Liquor On Sale - 291 or more Seats,02/29/2020,Active,322923340013,4,13,300 MISSISSIPPI RIVER BLVD N  ST PAUL MN 55104-5607,"(44.9491063627879, -93.198767467302)",1
20190000396,DUE,Liquor On Sale - 100 seats or less,02/19/2020,Pending,092823240156,3,14,475 FAIRVIEW AVE S  ST PAUL MN 55105-1712,"(44.9273370361522, -93.177486363357)",1
20170000011,J R ASIAN FOODS LLC,Malt Off Sale,03/21/2020,Active,202922430176,6,5,1234 PAYNE AVE  ST PAUL MN 55130-3539,"(44.978584648017, -93.073380820902)",1
20190000431,KING THAI RESTAURANT,Liquor On Sale - 181-290 Seats,02/22/2020,Pending,362923140139,1,7,225 UNIVERSITY AVE W  ST PAUL MN 55103-2045,"(44.9559548042147, -93.109719833322)",1
20070004714,DANNECKER'S GROCERY & LIQUORS,Liquor Off Sale,03/03/2020,Active,112823130146,2,9,793 RANDOLPH AVE  ST PAUL MN 55102-3415,"(44.9269666558203, -93.133476239656)",1
0096489,KELLY'S DEPOT BAR AND GRILL,Liquor On Sale - 100 seats or less,04/30/2019,Active Pending Ren,052822220003,2,17,241 KELLOGG BLVD E  ST PAUL MN 55101-1408,"(44.9480223219153, -93.085373206398)",1
20190000309,ON'S KITCHEN,Liquor On Sale - 100 seats or less,02/08/2020,Pending,332923140187,4,11,1613 UNIVERSITY AVE W  ST PAUL MN 55104-3820,"(44.95585741593, -93.168443318702)",1
20160000423,ALARY'S BAR,Liquor On Sale - 101-180 Seats,04/15/2019,Active Pending Ren,312922430061,2,17,139 7TH ST E  ST PAUL MN 55101-2333,"(44.9501615531189, -93.092553788476)",1
20100003374,CHECKER BAR,Liquor On Sale - 181-290 Seats,02/01/2020,Active,282922230175,6,5,992 ARCADE ST  ST PAUL MN 55106-3202,"(44.9713704825946, -93.065823833738)",1
20140000557,COMO PARK GOLF COURSE & CLUB HOUSE,Liquor On Sale - 101-180 Seats,04/18/2019,Active Pending Ren,222923440003,4,10,1431 LEXINGTON PKWY N  ST PAUL MN 55103-1060,"(44.984201506512, -93.146247395601)",1
20150000314,PROFESSIONAL SPORTS CATERING,Liquor On Sale - 291 or more Seats,03/18/2020,Active,322922330383,2,17,360 BROADWAY ST  ST PAUL MN 55101,"(44.9508076867253, -93.083869308091)",1
20110004770,DAMERA,Liquor On Sale - 100 seats or less,04/10/2019,Active Pending Ren,352923130235,1,7,823 UNIVERSITY AVE W  ST PAUL MN 55104-4808,"(44.9559123853925, -93.134923708867)",1
20140000218,SUNSHINE MARKET,Malt Off Sale,04/18/2019,Active Pending Ren,272922430001,7,2,1658 7TH ST E  ST PAUL MN 55106-4202,"(44.9665891150026, -93.030598812557)",1
0016021,GOPHER BAR,Liquor On Sale - 100 seats or less,01/31/2020,Active,312922440020,2,17,241 7TH ST E  ST PAUL MN 55101-2346,"(44.9510948671498, -93.088534767685)",1
0016384,THE SPOT BAR,Malt Off Sale,04/28/2019,Active Pending Ren,112823130161,2,9,859 RANDOLPH AVE  ST PAUL MN 55102-3418,"(44.9270847299952, -93.136273705528)",1
0011707,RISTORANTE LUCI ANCORA,Liquor On Sale - 100 seats or less,01/31/2020,Active,082823410041,3,15,2060 RANDOLPH AVE  ST PAUL MN 55105-1333,"(44.9268002796574, -93.187691609153)",1
20150000044,THE LEXINGTON,Liquor On Sale - 291 or more Seats,02/01/2020,Active,022823320102,2,16,1096 GRAND AVE  ST PAUL MN 55105-3001,"(44.9398719071634, -93.146341376428)",1
0017479,THE UNIVERSITY CLUB DOWNTOWN,Liquor On Sale - 291 or more Seats,01/31/2020,Active,062822120277,2,17,340 CEDAR ST  ST PAUL MN 55101-1100,"(44.9458172680916, -93.092537356777)",1
20110005029,PORKY'S BAR,Liquor On Sale - 100 seats or less,03/10/2020,Active Pending Ren,292922130015,6,5,1080 PAYNE AVE  ST PAUL MN 55130-3843,"(44.9737337432745, -93.073217852177)",1
0022440,SHERWOOD LOUNGE,Liquor On Sale - 100 seats or less,04/30/2019,Active Pending Ren,232922320182,6,2,1418 WHITE BEAR AVE N  ST PAUL MN 55106-2403,"(44.9841653886531, -93.025015380595)",1
0016386,COSSETTA'S,Liquor On Sale - 291 or more Seats,01/31/2020,Active,062822230130,2,9,211 7TH ST W  ST PAUL MN 55102-2520,"(44.9437565629129, -93.103910824817)",1
0016366,PATRICK MCGOVERN'S PUB,Liquor On Sale - 291 or more Seats,02/28/2020,Active,062822230175,2,9,225 7TH ST W  ST PAUL MN 55102-2522,"(44.9433996810813, -93.104306865093)",1
0016246,O'GARA'S BAR & GRILL,Liquor On Sale - 291 or more Seats,02/28/2019,Delinquent,032823220159,1,13,164 SNELLING AVE N  ST PAUL MN 55104,"(44.9462304712468, -93.16678073781)",1
20140000555,HIGHLAND NATIONAL GOLFCOURSE & CLUBHOUSE,Liquor On Sale - 181-290 Seats,04/18/2019,Active Pending Ren,152823210003,3,15,1403 MONTREAL AVE  ST PAUL MN 55116-2460,"(44.9131553333929, -93.158045828638)",1
20060003739,HOOVER'S PUB,Liquor On Sale - 100 seats or less,02/21/2020,Active,302922340086,1,6,755 JACKSON ST  ST PAUL MN 55117-5536,"(44.9641241651672, -93.09805263289)",1
20050000245,SAKURA JAPANESE RESTAURANT,Liquor On Sale - 181-290 Seats,02/04/2020,Active,062822130234,2,17,350 ST PETER ST 195 ST PAUL MN 55102,"(44.9449665788739, -93.094824227354)",1
20070004801,AIRPORT BP,Malt Off Sale,02/05/2020,Active,212823140002,3,15,2526 7TH ST W  ST PAUL MN 55116-2817,"(44.900819610055, -93.171631380334)",1
20160003381,MOUNDS LIQUOR,Liquor Off Sale,12/06/2019,Active,332922310234,7,4,1047 HUDSON ROAD  ST PAUL MN 55106-6106,"(44.9523478568154, -93.056244799029)",1
20130000138,TOASTED WINE+SPIRITS+ALES,Liquor Off Sale,04/01/2020,Active Pending Ren,252923320047,1,6,560 COMO AVE  ST PAUL MN 55103-1508,"(44.968758004568, -93.124051984283)",1
20110005065,THE LITTLE WINE SHOPPE,Liquor Off Sale,02/13/2020,Active,202923420086,4,12,2236 CARTER AVE  ST PAUL MN 55108-1639,"(44.9812484326257, -93.195227958461)",1
20180001030,BIRCH'S LOWERTOWN,Liquor On Sale - 101-180 Seats,03/03/2020,Active,322922330317,2,17,289 5TH ST E UNIT 104 ST PAUL MN 55101,"(44.9503870483025, -93.085523997325)",1
20170000384,ARCADE BAR,Liquor On Sale - 100 seats or less,04/28/2019,Active Pending Ren,282922320109,6,5,932 ARCADE ST  ST PAUL MN 55106-3851,"(44.9695001291504, -93.065820061819)",1
20180004578,THE MIDWAY SALOON,Liquor On Sale - 100 seats or less,02/28/2020,Active,342923230180,4,11,1567 UNIVERSITY AVE W  ST PAUL MN 55104-3903,"(44.9558653477721, -93.166343758371)",1
20140003742,WATTERS PUB,Liquor On Sale - 100 seats or less,05/01/2019,Active Pending Ren,332923240067,4,13,502 LYNNHURST AVE E  ST PAUL MN 55104-3406,"(44.9560865379603, -93.179823957473)",1
20080000233,W & T MARKET,Malt Off Sale,04/04/2019,Active Pending Ren,362923120149,1,7,604 WESTERN AVE N  ST PAUL MN 55103-1664,"(44.9594986454998, -93.115990316757)",1
20080000081,AXEL'S BONFIRE,Liquor On Sale - 291 or more Seats,04/04/2019,Active Pending Ren,022823420202,2,16,850 GRAND AVE  ST PAUL MN 55105-3397,"(44.9398343684359, -93.135974328424)",1
20110000863,ORIGINAL CONEY ISLAND,Liquor On Sale - 101-180 Seats,04/30/2019,Active Pending Ren,062822210075,2,17,444 ST PETER ST  ST PAUL MN 55104-4809,"(44.9472529390552, -93.097434604084)",1
20130001003,MINTAHOE CATERING & EVENTS,Liquor On Sale - 291 or more Seats,02/21/2020,Approved,312922440615,2,17,255 6TH ST E  ST PAUL MN 55101,"(44.9506617323386, -93.087114094933)",1
20170000305,BRIGADE,Liquor On Sale - 100 seats or less,01/31/2020,Active,092823230206,3,14,470 CLEVELAND AVE S  ST PAUL MN 55105-1350,"(44.9274354704621, -93.187228461276)",1
0018084,EAST SIDE LIQUOR STORE,Liquor Off Sale,04/30/2019,Active Pending Ren,222922330205,6,2,1361 MARYLAND AVE E  ST PAUL MN 55106-2862,"(44.9779260395423, -93.042967514674)",1
0016326,SWEENEY'S SALOON,Liquor On Sale - 181-290 Seats,01/31/2020,Active,012823230085,1,8,96 DALE ST N  ST PAUL MN 55102-2039,"(44.944191810743, -93.126106307494)",1
0014348,THE UNIVERSITY CLUB OF ST PAUL,Liquor On Sale - 291 or more Seats,01/31/2020,Active,012823310001,2,16,420 SUMMIT AVE  ST PAUL MN 55102-2624,"(44.9410874077065, -93.117508472936)",1
0016384,THE SPOT BAR,Liquor On Sale - 100 seats or less,04/28/2019,Active Pending Ren,112823130161,2,9,859 RANDOLPH AVE  ST PAUL MN 55102-3418,"(44.9270847299952, -93.136273705528)",1
0016227,SHARRETT'S LIQUORS,Liquor Off Sale,01/31/2020,Active,292923340018,4,12,2389 UNIVERSITY AVE W  ST PAUL MN 55114-1507,"(44.9642378079269, -93.197809955804)",1
20160003973,PALACE THEATRE,Liquor On Sale - Theater,03/06/2020,Active Pending Ren,062822210077,2,17,17 7TH PLACE W  ST PAUL MN 55104-4809,"(44.9471194308325, -93.096693738346)",1
0043940,THE COMMODORE,Liquor On Sale - 181-290 Seats,01/31/2020,Active,012823240075,1,8,79 WESTERN AVE N  ST PAUL MN 55102-4601,"(44.9438217946921, -93.117044679906)",1
20190000443,WILLARD'S LIQUORS,Liquor On Sale - 100 seats or less,02/22/2020,Pending,352923140043,1,7,738 THOMAS AVE  ST PAUL MN 55104-2745,"(44.9592228422489, -93.131267091076)",1
20130000654,PARKWAY LIQUOR BARREL,Liquor Off Sale,04/22/2019,Active Pending Ren,192922110068,5,5,301 WHEELOCK PKWY E  ST PAUL MN 55130,"(44.9908745854927, -93.087983077338)",1
